Borough,Grade,Year,Category,Number Tested,Mean Scale Score
BRONX,3,2024,Asian,602,458
BRONX,3,2024,Black,2025,443
BRONX,3,2024,Hispanic,6649,442
BRONX,3,2024,Multi-Racial,93,455
BRONX,3,2024,Native American,104,441
BRONX,3,2024,White,468,456
BRONX,4,2024,Asian,555,463
BRONX,4,2024,Black,2233,443
BRONX,4,2024,Hispanic,6865,443
BRONX,4,2024,Multi-Racial,73,458
BRONX,4,2024,Native American,97,444
BRONX,4,2024,White,459,459
BRONX,5,2024,Asian,551,461
BRONX,5,2024,Black,2379,440
BRONX,5,2024,Hispanic,6752,441
BRONX,5,2024,Multi-Racial,87,454
BRONX,5,2024,Native American,118,446
BRONX,5,2024,White,448,457
BRONX,6,2024,Asian,551,463
BRONX,6,2024,Black,2266,439
BRONX,6,2024,Hispanic,7108,439
BRONX,6,2024,Multi-Racial,65,449
BRONX,6,2024,Native American,105,444
BRONX,6,2024,White,485,455
BRONX,7,2024,Asian,536,473
BRONX,7,2024,Black,2427,445
BRONX,7,2024,Hispanic,7084,446
BRONX,7,2024,Multi-Racial,59,457
BRONX,7,2024,Native American,141,447
BRONX,7,2024,White,400,458
BRONX,8,2024,Asian,321,456
BRONX,8,2024,Black,1733,438
BRONX,8,2024,Hispanic,5456,441
BRONX,8,2024,Multi-Racial,15,449
BRONX,8,2024,Native American,61,438
BRONX,8,2024,White,295,453
BRONX,All Grades,2024,Asian,3116,462
BRONX,All Grades,2024,Black,13063,441
BRONX,All Grades,2024,Hispanic,39914,442
BRONX,All Grades,2024,Multi-Racial,392,454
BRONX,All Grades,2024,Native American,626,444
BRONX,All Grades,2024,White,2555,456
BRONX,3,2023,Asian,565,458
BRONX,3,2023,Black,2257,441
BRONX,3,2023,Hispanic,6742,441
BRONX,3,2023,Multi-Racial,67,449
BRONX,3,2023,Native American,98,444
BRONX,3,2023,White,482,455
BRONX,4,2023,Asian,592,458
BRONX,4,2023,Black,2443,439
BRONX,4,2023,Hispanic,7281,438
BRONX,4,2023,Multi-Racial,83,454
BRONX,4,2023,Native American,113,449
BRONX,4,2023,White,514,456
BRONX,5,2023,Asian,581,460
BRONX,5,2023,Black,2535,438
BRONX,5,2023,Hispanic,7592,439
BRONX,5,2023,Multi-Racial,66,454
BRONX,5,2023,Native American,107,444
BRONX,5,2023,White,509,455
BRONX,6,2023,Asian,539,463
BRONX,6,2023,Black,2429,436
BRONX,6,2023,Hispanic,7114,438
BRONX,6,2023,Multi-Racial,59,449
BRONX,6,2023,Native American,133,441
BRONX,6,2023,White,443,450
BRONX,7,2023,Asian,558,463
BRONX,7,2023,Black,2622,440
BRONX,7,2023,Hispanic,7465,442
BRONX,7,2023,Multi-Racial,31,447
BRONX,7,2023,Native American,82,445
BRONX,7,2023,White,486,456
BRONX,8,2023,Asian,373,460
BRONX,8,2023,Black,1942,437
BRONX,8,2023,Hispanic,5886,439
BRONX,8,2023,Multi-Racial,28,445
BRONX,8,2023,Native American,76,445
BRONX,8,2023,White,350,448
BRONX,All Grades,2023,Asian,3208,460
BRONX,All Grades,2023,Black,14228,439
BRONX,All Grades,2023,Hispanic,42080,440
BRONX,All Grades,2023,Multi-Racial,334,451
BRONX,All Grades,2023,Native American,609,445
BRONX,All Grades,2023,White,2784,454
BRONX,3,2022,Asian,603,600
BRONX,3,2022,Black,2418,586
BRONX,3,2022,Hispanic,7144,586
BRONX,3,2022,Multi-Racial,83,596
BRONX,3,2022,Native American,117,591
BRONX,3,2022,White,509,597
BRONX,4,2022,Asian,607,599
BRONX,4,2022,Black,2530,583
BRONX,4,2022,Hispanic,7583,583
BRONX,4,2022,Multi-Racial,67,595
BRONX,4,2022,Native American,103,589
BRONX,4,2022,White,533,595
BRONX,5,2022,Asian,581,602
BRONX,5,2022,Black,2690,583
BRONX,5,2022,Hispanic,7553,585
BRONX,5,2022,Multi-Racial,62,594
BRONX,5,2022,Native American,127,587
BRONX,5,2022,White,474,594
BRONX,6,2022,Asian,558,601
BRONX,6,2022,Black,2520,584
BRONX,6,2022,Hispanic,7280,586
BRONX,6,2022,Multi-Racial,39,595
BRONX,6,2022,Native American,82,586
BRONX,6,2022,White,522,597
BRONX,7,2022,Asian,598,607
BRONX,7,2022,Black,2649,588
BRONX,7,2022,Hispanic,7454,589
BRONX,7,2022,Multi-Racial,49,595
BRONX,7,2022,Native American,109,595
BRONX,7,2022,White,498,598
BRONX,8,2022,Asian,415,605
BRONX,8,2022,Black,2163,588
BRONX,8,2022,Hispanic,6053,590
BRONX,8,2022,Multi-Racial,29,595
BRONX,8,2022,Native American,102,592
BRONX,8,2022,White,364,596
BRONX,All Grades,2022,Asian,3362,602
BRONX,All Grades,2022,Black,14970,585
BRONX,All Grades,2022,Hispanic,43067,586
BRONX,All Grades,2022,Multi-Racial,329,595
BRONX,All Grades,2022,Native American,640,590
BRONX,All Grades,2022,White,2900,596
BRONX,3,2019,Asian,637,604
BRONX,3,2019,Black,3448,591
BRONX,3,2019,Hispanic,9482,592
BRONX,3,2019,Multi-Racial,54,599
BRONX,3,2019,Native American,104,594
BRONX,3,2019,White,735,599
BRONX,4,2019,Asian,692,607
BRONX,4,2019,Black,3682,590
BRONX,4,2019,Hispanic,9754,592
BRONX,4,2019,Multi-Racial,64,600
BRONX,4,2019,Native American,126,597
BRONX,4,2019,White,728,601
BRONX,5,2019,Asian,655,606
BRONX,5,2019,Black,3789,590
BRONX,5,2019,Hispanic,9449,592
BRONX,5,2019,Multi-Racial,60,601
BRONX,5,2019,Native American,141,595
BRONX,5,2019,White,655,600
BRONX,6,2019,Asian,679,606
BRONX,6,2019,Black,3424,590
BRONX,6,2019,Hispanic,9200,591
BRONX,6,2019,Multi-Racial,67,599
BRONX,6,2019,Native American,135,597
BRONX,6,2019,White,624,602
BRONX,7,2019,Asian,680,609
BRONX,7,2019,Black,3671,591
BRONX,7,2019,Hispanic,9038,592
BRONX,7,2019,Multi-Racial,44,592
BRONX,7,2019,Native American,126,598
BRONX,7,2019,White,569,601
BRONX,8,2019,Asian,570,611
BRONX,8,2019,Black,3267,593
BRONX,8,2019,Hispanic,8053,595
BRONX,8,2019,Multi-Racial,36,597
BRONX,8,2019,Native American,132,601
BRONX,8,2019,White,560,605
BRONX,All Grades,2019,Asian,3913,607
BRONX,All Grades,2019,Black,21281,591
BRONX,All Grades,2019,Hispanic,54976,592
BRONX,All Grades,2019,Multi-Racial,325,598
BRONX,All Grades,2019,Native American,764,597
BRONX,All Grades,2019,White,3871,601
BRONX,3,2018,Asian,675,605
BRONX,3,2018,Black,3705,590
BRONX,3,2018,Hispanic,9795,591
BRONX,3,2018,Multi-Racial,86,597
BRONX,3,2018,Native American,123,594
BRONX,3,2018,White,798,598
BRONX,4,2018,Asian,664,604
BRONX,4,2018,Black,3873,590
BRONX,4,2018,Hispanic,9622,590
BRONX,4,2018,Multi-Racial,60,600
BRONX,4,2018,Native American,142,594
BRONX,4,2018,White,729,599
BRONX,5,2018,Asian,683,604
BRONX,5,2018,Black,3798,589
BRONX,5,2018,Hispanic,9833,591
BRONX,5,2018,Multi-Racial,57,597
BRONX,5,2018,Native American,148,595
BRONX,5,2018,White,689,600
BRONX,6,2018,Asian,664,605
BRONX,6,2018,Black,3713,589
BRONX,6,2018,Hispanic,9034,589
BRONX,6,2018,Multi-Racial,41,593
BRONX,6,2018,Native American,136,592
BRONX,6,2018,White,579,597
BRONX,7,2018,Asian,722,607
BRONX,7,2018,Black,3684,589
BRONX,7,2018,Hispanic,9151,590
BRONX,7,2018,Multi-Racial,37,598
BRONX,7,2018,Native American,147,594
BRONX,7,2018,White,642,601
BRONX,8,2018,Asian,521,608
BRONX,8,2018,Black,3311,594
BRONX,8,2018,Hispanic,7818,594
BRONX,8,2018,Multi-Racial,25,602
BRONX,8,2018,Native American,123,596
BRONX,8,2018,White,550,601
BRONX,All Grades,2018,Asian,3929,605
BRONX,All Grades,2018,Black,22084,590
BRONX,All Grades,2018,Hispanic,55253,591
BRONX,All Grades,2018,Multi-Racial,306,597
BRONX,All Grades,2018,Native American,819,594
BRONX,All Grades,2018,White,3987,599
BROOKLYN,3,2024,Asian,3526,466
BROOKLYN,3,2024,Black,3143,447
BROOKLYN,3,2024,Hispanic,4504,444
BROOKLYN,3,2024,Multi-Racial,390,468
BROOKLYN,3,2024,Native American,139,448
BROOKLYN,3,2024,White,3494,462
BROOKLYN,4,2024,Asian,3498,475
BROOKLYN,4,2024,Black,3272,450
BROOKLYN,4,2024,Hispanic,4619,447
BROOKLYN,4,2024,Multi-Racial,346,470
BROOKLYN,4,2024,Native American,94,451
BROOKLYN,4,2024,White,3466,467
BROOKLYN,5,2024,Asian,3237,471
BROOKLYN,5,2024,Black,3397,443
BROOKLYN,5,2024,Hispanic,4278,444
BROOKLYN,5,2024,Multi-Racial,299,469
BROOKLYN,5,2024,Native American,120,449
BROOKLYN,5,2024,White,3170,462
BROOKLYN,6,2024,Asian,3812,473
BROOKLYN,6,2024,Black,3589,443
BROOKLYN,6,2024,Hispanic,4867,441
BROOKLYN,6,2024,Multi-Racial,286,465
BROOKLYN,6,2024,Native American,125,446
BROOKLYN,6,2024,White,3048,462
BROOKLYN,7,2024,Asian,3429,483
BROOKLYN,7,2024,Black,3729,448
BROOKLYN,7,2024,Hispanic,4951,448
BROOKLYN,7,2024,Multi-Racial,321,469
BROOKLYN,7,2024,Native American,120,453
BROOKLYN,7,2024,White,2881,472
BROOKLYN,8,2024,Asian,2259,481
BROOKLYN,8,2024,Black,2844,443
BROOKLYN,8,2024,Hispanic,2962,445
BROOKLYN,8,2024,Multi-Racial,101,457
BROOKLYN,8,2024,Native American,106,452
BROOKLYN,8,2024,White,1718,465
BROOKLYN,All Grades,2024,Asian,19761,475
BROOKLYN,All Grades,2024,Black,19974,446
BROOKLYN,All Grades,2024,Hispanic,26181,445
BROOKLYN,All Grades,2024,Multi-Racial,1743,467
BROOKLYN,All Grades,2024,Native American,704,450
BROOKLYN,All Grades,2024,White,17777,465
BROOKLYN,3,2023,Asian,3522,468
BROOKLYN,3,2023,Black,3248,449
BROOKLYN,3,2023,Hispanic,4323,447
BROOKLYN,3,2023,Multi-Racial,294,466
BROOKLYN,3,2023,Native American,91,450
BROOKLYN,3,2023,White,3450,463
BROOKLYN,4,2023,Asian,3478,471
BROOKLYN,4,2023,Black,3314,446
BROOKLYN,4,2023,Hispanic,4522,445
BROOKLYN,4,2023,Multi-Racial,285,472
BROOKLYN,4,2023,Native American,127,452
BROOKLYN,4,2023,White,3324,464
BROOKLYN,5,2023,Asian,3854,470
BROOKLYN,5,2023,Black,3768,443
BROOKLYN,5,2023,Hispanic,4794,443
BROOKLYN,5,2023,Multi-Racial,220,467
BROOKLYN,5,2023,Native American,114,446
BROOKLYN,5,2023,White,3296,463
BROOKLYN,6,2023,Asian,3402,473
BROOKLYN,6,2023,Black,3837,441
BROOKLYN,6,2023,Hispanic,4796,441
BROOKLYN,6,2023,Multi-Racial,315,460
BROOKLYN,6,2023,Native American,117,447
BROOKLYN,6,2023,White,2899,462
BROOKLYN,7,2023,Asian,3352,477
BROOKLYN,7,2023,Black,3668,445
BROOKLYN,7,2023,Hispanic,4845,445
BROOKLYN,7,2023,Multi-Racial,166,469
BROOKLYN,7,2023,Native American,147,449
BROOKLYN,7,2023,White,3010,467
BROOKLYN,8,2023,Asian,2642,474
BROOKLYN,8,2023,Black,3325,440
BROOKLYN,8,2023,Hispanic,3426,443
BROOKLYN,8,2023,Multi-Racial,80,454
BROOKLYN,8,2023,Native American,103,441
BROOKLYN,8,2023,White,1985,461
BROOKLYN,All Grades,2023,Asian,20250,472
BROOKLYN,All Grades,2023,Black,21160,444
BROOKLYN,All Grades,2023,Hispanic,26706,444
BROOKLYN,All Grades,2023,Multi-Racial,1360,466
BROOKLYN,All Grades,2023,Native American,699,448
BROOKLYN,All Grades,2023,White,17964,463
BROOKLYN,3,2022,Asian,3437,608
BROOKLYN,3,2022,Black,3328,592
BROOKLYN,3,2022,Hispanic,4459,591
BROOKLYN,3,2022,Multi-Racial,271,609
BROOKLYN,3,2022,Native American,127,592
BROOKLYN,3,2022,White,3285,605
BROOKLYN,4,2022,Asian,3831,610
BROOKLYN,4,2022,Black,3708,588
BROOKLYN,4,2022,Hispanic,4587,589
BROOKLYN,4,2022,Multi-Racial,242,607
BROOKLYN,4,2022,Native American,121,592
BROOKLYN,4,2022,White,3149,605
BROOKLYN,5,2022,Asian,3528,611
BROOKLYN,5,2022,Black,4085,588
BROOKLYN,5,2022,Hispanic,4727,589
BROOKLYN,5,2022,Multi-Racial,238,606
BROOKLYN,5,2022,Native American,112,593
BROOKLYN,5,2022,White,3102,605
BROOKLYN,6,2022,Asian,3335,611
BROOKLYN,6,2022,Black,3821,587
BROOKLYN,6,2022,Hispanic,4722,588
BROOKLYN,6,2022,Multi-Racial,216,607
BROOKLYN,6,2022,Native American,148,589
BROOKLYN,6,2022,White,2845,605
BROOKLYN,7,2022,Asian,3554,614
BROOKLYN,7,2022,Black,4013,589
BROOKLYN,7,2022,Hispanic,4835,592
BROOKLYN,7,2022,Multi-Racial,223,609
BROOKLYN,7,2022,Native American,137,591
BROOKLYN,7,2022,White,2857,608
BROOKLYN,8,2022,Asian,2173,615
BROOKLYN,8,2022,Black,3455,590
BROOKLYN,8,2022,Hispanic,3224,591
BROOKLYN,8,2022,Multi-Racial,89,604
BROOKLYN,8,2022,Native American,84,594
BROOKLYN,8,2022,White,1571,605
BROOKLYN,All Grades,2022,Asian,19858,611
BROOKLYN,All Grades,2022,Black,22410,589
BROOKLYN,All Grades,2022,Hispanic,26554,590
BROOKLYN,All Grades,2022,Multi-Racial,1279,607
BROOKLYN,All Grades,2022,Native American,729,592
BROOKLYN,All Grades,2022,White,16809,606
BROOKLYN,3,2019,Asian,3728,611
BROOKLYN,3,2019,Black,4963,595
BROOKLYN,3,2019,Hispanic,5780,596
BROOKLYN,3,2019,Multi-Racial,258,609
BROOKLYN,3,2019,Native American,150,598
BROOKLYN,3,2019,White,4072,608
BROOKLYN,4,2019,Asian,3960,614
BROOKLYN,4,2019,Black,5357,593
BROOKLYN,4,2019,Hispanic,5966,596
BROOKLYN,4,2019,Multi-Racial,261,610
BROOKLYN,4,2019,Native American,149,597
BROOKLYN,4,2019,White,4037,610
BROOKLYN,5,2019,Asian,3987,614
BROOKLYN,5,2019,Black,5482,593
BROOKLYN,5,2019,Hispanic,5824,595
BROOKLYN,5,2019,Multi-Racial,197,609
BROOKLYN,5,2019,Native American,122,599
BROOKLYN,5,2019,White,3756,609
BROOKLYN,6,2019,Asian,3882,614
BROOKLYN,6,2019,Black,5632,592
BROOKLYN,6,2019,Hispanic,5815,592
BROOKLYN,6,2019,Multi-Racial,268,610
BROOKLYN,6,2019,Native American,145,596
BROOKLYN,6,2019,White,3673,609
BROOKLYN,7,2019,Asian,3793,616
BROOKLYN,7,2019,Black,5495,594
BROOKLYN,7,2019,Hispanic,5634,596
BROOKLYN,7,2019,Multi-Racial,171,614
BROOKLYN,7,2019,Native American,126,596
BROOKLYN,7,2019,White,3566,612
BROOKLYN,8,2019,Asian,3187,620
BROOKLYN,8,2019,Black,5135,595
BROOKLYN,8,2019,Hispanic,4847,597
BROOKLYN,8,2019,Multi-Racial,122,611
BROOKLYN,8,2019,Native American,116,600
BROOKLYN,8,2019,White,2648,613
BROOKLYN,All Grades,2019,Asian,22537,615
BROOKLYN,All Grades,2019,Black,32064,594
BROOKLYN,All Grades,2019,Hispanic,33866,595
BROOKLYN,All Grades,2019,Multi-Racial,1277,610
BROOKLYN,All Grades,2019,Native American,808,598
BROOKLYN,All Grades,2019,White,21752,610
BROOKLYN,3,2018,Asian,3987,611
BROOKLYN,3,2018,Black,5421,593
BROOKLYN,3,2018,Hispanic,6044,595
BROOKLYN,3,2018,Multi-Racial,251,608
BROOKLYN,3,2018,Native American,160,596
BROOKLYN,3,2018,White,4139,608
BROOKLYN,4,2018,Asian,4018,613
BROOKLYN,4,2018,Black,5704,594
BROOKLYN,4,2018,Hispanic,5890,595
BROOKLYN,4,2018,Multi-Racial,193,608
BROOKLYN,4,2018,Native American,124,601
BROOKLYN,4,2018,White,3805,609
BROOKLYN,5,2018,Asian,3949,613
BROOKLYN,5,2018,Black,5796,592
BROOKLYN,5,2018,Hispanic,5959,594
BROOKLYN,5,2018,Multi-Racial,214,608
BROOKLYN,5,2018,Native American,156,596
BROOKLYN,5,2018,White,3835,608
BROOKLYN,6,2018,Asian,3757,613
BROOKLYN,6,2018,Black,5695,591
BROOKLYN,6,2018,Hispanic,5668,593
BROOKLYN,6,2018,Multi-Racial,179,611
BROOKLYN,6,2018,Native American,138,594
BROOKLYN,6,2018,White,3528,609
BROOKLYN,7,2018,Asian,3612,614
BROOKLYN,7,2018,Black,5822,591
BROOKLYN,7,2018,Hispanic,5638,594
BROOKLYN,7,2018,Multi-Racial,180,612
BROOKLYN,7,2018,Native American,126,594
BROOKLYN,7,2018,White,3520,610
BROOKLYN,8,2018,Asian,3121,619
BROOKLYN,8,2018,Black,5141,596
BROOKLYN,8,2018,Hispanic,4757,596
BROOKLYN,8,2018,Multi-Racial,112,612
BROOKLYN,8,2018,Native American,102,597
BROOKLYN,8,2018,White,2675,611
BROOKLYN,All Grades,2018,Asian,22444,614
BROOKLYN,All Grades,2018,Black,33579,593
BROOKLYN,All Grades,2018,Hispanic,33956,594
BROOKLYN,All Grades,2018,Multi-Racial,1129,609
BROOKLYN,All Grades,2018,Native American,806,596
BROOKLYN,All Grades,2018,White,21502,609
MANHATTAN,3,2024,Asian,898,478
MANHATTAN,3,2024,Black,721,441
MANHATTAN,3,2024,Hispanic,2466,444
MANHATTAN,3,2024,Multi-Racial,314,475
MANHATTAN,3,2024,Native American,36,454
MANHATTAN,3,2024,White,1534,473
MANHATTAN,4,2024,Asian,848,488
MANHATTAN,4,2024,Black,758,441
MANHATTAN,4,2024,Hispanic,2531,446
MANHATTAN,4,2024,Multi-Racial,340,482
MANHATTAN,4,2024,Native American,29,454
MANHATTAN,4,2024,White,1421,482
MANHATTAN,5,2024,Asian,812,486
MANHATTAN,5,2024,Black,720,439
MANHATTAN,5,2024,Hispanic,2120,446
MANHATTAN,5,2024,Multi-Racial,279,480
MANHATTAN,5,2024,Native American,13,457
MANHATTAN,5,2024,White,1410,477
MANHATTAN,6,2024,Asian,886,482
MANHATTAN,6,2024,Black,756,440
MANHATTAN,6,2024,Hispanic,2531,443
MANHATTAN,6,2024,Multi-Racial,281,478
MANHATTAN,6,2024,Native American,27,439
MANHATTAN,6,2024,White,1331,475
MANHATTAN,7,2024,Asian,830,492
MANHATTAN,7,2024,Black,835,446
MANHATTAN,7,2024,Hispanic,2706,449
MANHATTAN,7,2024,Multi-Racial,303,485
MANHATTAN,7,2024,Native American,28,462
MANHATTAN,7,2024,White,1287,487
MANHATTAN,8,2024,Asian,129,477
MANHATTAN,8,2024,Black,425,436
MANHATTAN,8,2024,Hispanic,1219,447
MANHATTAN,8,2024,Multi-Racial,27,472
MANHATTAN,8,2024,Native American,12,442
MANHATTAN,8,2024,White,248,468
MANHATTAN,All Grades,2024,Asian,4403,485
MANHATTAN,All Grades,2024,Black,4215,441
MANHATTAN,All Grades,2024,Hispanic,13573,446
MANHATTAN,All Grades,2024,Multi-Racial,1544,480
MANHATTAN,All Grades,2024,Native American,145,452
MANHATTAN,All Grades,2024,White,7231,478
MANHATTAN,3,2023,Asian,878,479
MANHATTAN,3,2023,Black,733,441
MANHATTAN,3,2023,Hispanic,2455,445
MANHATTAN,3,2023,Multi-Racial,333,476
MANHATTAN,3,2023,Native American,29,448
MANHATTAN,3,2023,White,1479,474
MANHATTAN,4,2023,Asian,875,483
MANHATTAN,4,2023,Black,723,439
MANHATTAN,4,2023,Hispanic,2505,443
MANHATTAN,4,2023,Multi-Racial,285,479
MANHATTAN,4,2023,Native American,18,458
MANHATTAN,4,2023,White,1522,477
MANHATTAN,5,2023,Asian,959,481
MANHATTAN,5,2023,Black,757,438
MANHATTAN,5,2023,Hispanic,2471,442
MANHATTAN,5,2023,Multi-Racial,281,478
MANHATTAN,5,2023,Native American,26,436
MANHATTAN,5,2023,White,1451,475
MANHATTAN,6,2023,Asian,873,480
MANHATTAN,6,2023,Black,839,438
MANHATTAN,6,2023,Hispanic,2583,441
MANHATTAN,6,2023,Multi-Racial,327,472
MANHATTAN,6,2023,Native American,32,451
MANHATTAN,6,2023,White,1336,475
MANHATTAN,7,2023,Asian,833,484
MANHATTAN,7,2023,Black,947,440
MANHATTAN,7,2023,Hispanic,2780,445
MANHATTAN,7,2023,Multi-Racial,231,480
MANHATTAN,7,2023,Native American,36,457
MANHATTAN,7,2023,White,1364,479
MANHATTAN,8,2023,Asian,186,474
MANHATTAN,8,2023,Black,446,432
MANHATTAN,8,2023,Hispanic,1342,443
MANHATTAN,8,2023,Multi-Racial,38,456
MANHATTAN,8,2023,Native American,14,442
MANHATTAN,8,2023,White,322,464
MANHATTAN,All Grades,2023,Asian,4604,481
MANHATTAN,All Grades,2023,Black,4445,439
MANHATTAN,All Grades,2023,Hispanic,14136,443
MANHATTAN,All Grades,2023,Multi-Racial,1495,476
MANHATTAN,All Grades,2023,Native American,155,449
MANHATTAN,All Grades,2023,White,7474,476
MANHATTAN,3,2022,Asian,914,618
MANHATTAN,3,2022,Black,723,587
MANHATTAN,3,2022,Hispanic,2232,591
MANHATTAN,3,2022,Multi-Racial,294,615
MANHATTAN,3,2022,Native American,18,598
MANHATTAN,3,2022,White,1577,612
MANHATTAN,4,2022,Asian,983,619
MANHATTAN,4,2022,Black,749,582
MANHATTAN,4,2022,Hispanic,2175,587
MANHATTAN,4,2022,Multi-Racial,286,615
MANHATTAN,4,2022,Native American,27,584
MANHATTAN,4,2022,White,1522,614
MANHATTAN,5,2022,Asian,943,618
MANHATTAN,5,2022,Black,898,585
MANHATTAN,5,2022,Hispanic,2348,591
MANHATTAN,5,2022,Multi-Racial,286,614
MANHATTAN,5,2022,Native American,31,597
MANHATTAN,5,2022,White,1481,614
MANHATTAN,6,2022,Asian,892,618
MANHATTAN,6,2022,Black,971,584
MANHATTAN,6,2022,Hispanic,2384,591
MANHATTAN,6,2022,Multi-Racial,267,616
MANHATTAN,6,2022,Native American,41,596
MANHATTAN,6,2022,White,1421,614
MANHATTAN,7,2022,Asian,913,617
MANHATTAN,7,2022,Black,1002,587
MANHATTAN,7,2022,Hispanic,2434,593
MANHATTAN,7,2022,Multi-Racial,247,616
MANHATTAN,7,2022,Native American,36,596
MANHATTAN,7,2022,White,1453,615
MANHATTAN,8,2022,Asian,261,614
MANHATTAN,8,2022,Black,544,583
MANHATTAN,8,2022,Hispanic,1307,593
MANHATTAN,8,2022,Multi-Racial,38,609
MANHATTAN,8,2022,Native American,17,588
MANHATTAN,8,2022,White,293,605
MANHATTAN,All Grades,2022,Asian,4906,618
MANHATTAN,All Grades,2022,Black,4887,585
MANHATTAN,All Grades,2022,Hispanic,12880,591
MANHATTAN,All Grades,2022,Multi-Racial,1418,615
MANHATTAN,All Grades,2022,Native American,170,594
MANHATTAN,All Grades,2022,White,7747,613
MANHATTAN,3,2019,Asian,1090,619
MANHATTAN,3,2019,Black,1140,592
MANHATTAN,3,2019,Hispanic,3228,596
MANHATTAN,3,2019,Multi-Racial,298,618
MANHATTAN,3,2019,Native American,38,606
MANHATTAN,3,2019,White,2064,616
MANHATTAN,4,2019,Asian,1123,621
MANHATTAN,4,2019,Black,1161,591
MANHATTAN,4,2019,Hispanic,3380,595
MANHATTAN,4,2019,Multi-Racial,269,618
MANHATTAN,4,2019,Native American,42,600
MANHATTAN,4,2019,White,2013,618
MANHATTAN,5,2019,Asian,1089,620
MANHATTAN,5,2019,Black,1183,590
MANHATTAN,5,2019,Hispanic,3207,595
MANHATTAN,5,2019,Multi-Racial,245,618
MANHATTAN,5,2019,Native American,36,591
MANHATTAN,5,2019,White,1904,617
MANHATTAN,6,2019,Asian,1165,619
MANHATTAN,6,2019,Black,1175,592
MANHATTAN,6,2019,Hispanic,3285,596
MANHATTAN,6,2019,Multi-Racial,285,619
MANHATTAN,6,2019,Native American,46,592
MANHATTAN,6,2019,White,1773,617
MANHATTAN,7,2019,Asian,1099,622
MANHATTAN,7,2019,Black,1253,592
MANHATTAN,7,2019,Hispanic,3397,597
MANHATTAN,7,2019,Multi-Racial,211,619
MANHATTAN,7,2019,Native American,85,603
MANHATTAN,7,2019,White,1688,621
MANHATTAN,8,2019,Asian,570,619
MANHATTAN,8,2019,Black,901,589
MANHATTAN,8,2019,Hispanic,2348,598
MANHATTAN,8,2019,Multi-Racial,66,614
MANHATTAN,8,2019,Native American,27,587
MANHATTAN,8,2019,White,573,612
MANHATTAN,All Grades,2019,Asian,6136,620
MANHATTAN,All Grades,2019,Black,6813,591
MANHATTAN,All Grades,2019,Hispanic,18845,596
MANHATTAN,All Grades,2019,Multi-Racial,1374,618
MANHATTAN,All Grades,2019,Native American,274,598
MANHATTAN,All Grades,2019,White,10015,617
MANHATTAN,3,2018,Asian,1139,617
MANHATTAN,3,2018,Black,1192,591
MANHATTAN,3,2018,Hispanic,3382,595
MANHATTAN,3,2018,Multi-Racial,268,615
MANHATTAN,3,2018,Native American,53,595
MANHATTAN,3,2018,White,2067,615
MANHATTAN,4,2018,Asian,1106,619
MANHATTAN,4,2018,Black,1210,590
MANHATTAN,4,2018,Hispanic,3454,594
MANHATTAN,4,2018,Multi-Racial,263,618
MANHATTAN,4,2018,Native American,51,588
MANHATTAN,4,2018,White,2012,616
MANHATTAN,5,2018,Asian,1235,620
MANHATTAN,5,2018,Black,1189,590
MANHATTAN,5,2018,Hispanic,3311,595
MANHATTAN,5,2018,Multi-Racial,251,621
MANHATTAN,5,2018,Native American,60,586
MANHATTAN,5,2018,White,1930,618
MANHATTAN,6,2018,Asian,1150,618
MANHATTAN,6,2018,Black,1276,589
MANHATTAN,6,2018,Hispanic,3304,593
MANHATTAN,6,2018,Multi-Racial,228,617
MANHATTAN,6,2018,Native American,108,595
MANHATTAN,6,2018,White,1726,616
MANHATTAN,7,2018,Asian,1092,619
MANHATTAN,7,2018,Black,1387,588
MANHATTAN,7,2018,Hispanic,3349,595
MANHATTAN,7,2018,Multi-Racial,198,618
MANHATTAN,7,2018,Native American,64,594
MANHATTAN,7,2018,White,1713,618
MANHATTAN,8,2018,Asian,632,621
MANHATTAN,8,2018,Black,1109,589
MANHATTAN,8,2018,Hispanic,2731,596
MANHATTAN,8,2018,Multi-Racial,90,616
MANHATTAN,8,2018,Native American,58,595
MANHATTAN,8,2018,White,736,613
MANHATTAN,All Grades,2018,Asian,6354,619
MANHATTAN,All Grades,2018,Black,7363,590
MANHATTAN,All Grades,2018,Hispanic,19531,595
MANHATTAN,All Grades,2018,Multi-Racial,1298,618
MANHATTAN,All Grades,2018,Native American,394,592
MANHATTAN,All Grades,2018,White,10184,616
QUEENS,3,2024,Asian,5043,468
QUEENS,3,2024,Black,1754,446
QUEENS,3,2024,Hispanic,7216,444
QUEENS,3,2024,Multi-Racial,323,466
QUEENS,3,2024,Native American,394,456
QUEENS,3,2024,White,1750,461
QUEENS,4,2024,Asian,5319,477
QUEENS,4,2024,Black,1891,451
QUEENS,4,2024,Hispanic,7267,447
QUEENS,4,2024,Multi-Racial,328,477
QUEENS,4,2024,Native American,390,463
QUEENS,4,2024,White,1879,469
QUEENS,5,2024,Asian,5001,472
QUEENS,5,2024,Black,1981,441
QUEENS,5,2024,Hispanic,6188,446
QUEENS,5,2024,Multi-Racial,318,466
QUEENS,5,2024,Native American,427,453
QUEENS,5,2024,White,1794,461
QUEENS,6,2024,Asian,5555,472
QUEENS,6,2024,Black,2262,441
QUEENS,6,2024,Hispanic,7511,441
QUEENS,6,2024,Multi-Racial,307,467
QUEENS,6,2024,Native American,450,451
QUEENS,6,2024,White,1823,461
QUEENS,7,2024,Asian,5170,480
QUEENS,7,2024,Black,2360,448
QUEENS,7,2024,Hispanic,7591,449
QUEENS,7,2024,Multi-Racial,248,472
QUEENS,7,2024,Native American,367,457
QUEENS,7,2024,White,1773,470
QUEENS,8,2024,Asian,1514,461
QUEENS,8,2024,Black,1499,441
QUEENS,8,2024,Hispanic,3292,440
QUEENS,8,2024,Multi-Racial,78,454
QUEENS,8,2024,Native American,157,444
QUEENS,8,2024,White,627,453
QUEENS,All Grades,2024,Asian,27602,473
QUEENS,All Grades,2024,Black,11747,445
QUEENS,All Grades,2024,Hispanic,39065,445
QUEENS,All Grades,2024,Multi-Racial,1602,469
QUEENS,All Grades,2024,Native American,2185,455
QUEENS,All Grades,2024,White,9646,464
QUEENS,3,2023,Asian,5232,470
QUEENS,3,2023,Black,1805,449
QUEENS,3,2023,Hispanic,6941,446
QUEENS,3,2023,Multi-Racial,300,470
QUEENS,3,2023,Native American,378,461
QUEENS,3,2023,White,1914,464
QUEENS,4,2023,Asian,5226,471
QUEENS,4,2023,Black,1909,446
QUEENS,4,2023,Hispanic,7228,444
QUEENS,4,2023,Multi-Racial,286,469
QUEENS,4,2023,Native American,436,455
QUEENS,4,2023,White,1858,464
QUEENS,5,2023,Asian,5425,472
QUEENS,5,2023,Black,2120,442
QUEENS,5,2023,Hispanic,7108,444
QUEENS,5,2023,Multi-Racial,254,466
QUEENS,5,2023,Native American,435,455
QUEENS,5,2023,White,1929,462
QUEENS,6,2023,Asian,5214,471
QUEENS,6,2023,Black,2357,440
QUEENS,6,2023,Hispanic,7344,441
QUEENS,6,2023,Multi-Racial,260,465
QUEENS,6,2023,Native American,359,446
QUEENS,6,2023,White,1822,461
QUEENS,7,2023,Asian,5086,474
QUEENS,7,2023,Black,2446,444
QUEENS,7,2023,Hispanic,7473,446
QUEENS,7,2023,Multi-Racial,211,471
QUEENS,7,2023,Native American,357,454
QUEENS,7,2023,White,1926,465
QUEENS,8,2023,Asian,1726,460
QUEENS,8,2023,Black,1625,438
QUEENS,8,2023,Hispanic,4070,438
QUEENS,8,2023,Multi-Racial,74,448
QUEENS,8,2023,Native American,158,446
QUEENS,8,2023,White,671,452
QUEENS,All Grades,2023,Asian,27909,471
QUEENS,All Grades,2023,Black,12262,443
QUEENS,All Grades,2023,Hispanic,40164,444
QUEENS,All Grades,2023,Multi-Racial,1385,467
QUEENS,All Grades,2023,Native American,2123,454
QUEENS,All Grades,2023,White,10120,463
QUEENS,3,2022,Asian,5267,610
QUEENS,3,2022,Black,1889,592
QUEENS,3,2022,Hispanic,6882,592
QUEENS,3,2022,Multi-Racial,294,609
QUEENS,3,2022,Native American,420,600
QUEENS,3,2022,White,1944,605
QUEENS,4,2022,Asian,5445,611
QUEENS,4,2022,Black,2057,588
QUEENS,4,2022,Hispanic,6940,590
QUEENS,4,2022,Multi-Racial,251,608
QUEENS,4,2022,Native American,439,598
QUEENS,4,2022,White,1964,605
QUEENS,5,2022,Asian,5265,612
QUEENS,5,2022,Black,2117,588
QUEENS,5,2022,Hispanic,6940,591
QUEENS,5,2022,Multi-Racial,217,609
QUEENS,5,2022,Native American,357,596
QUEENS,5,2022,White,1974,605
QUEENS,6,2022,Asian,5113,610
QUEENS,6,2022,Black,2388,588
QUEENS,6,2022,Hispanic,7184,590
QUEENS,6,2022,Multi-Racial,235,608
QUEENS,6,2022,Native American,363,594
QUEENS,6,2022,White,1985,603
QUEENS,7,2022,Asian,5415,612
QUEENS,7,2022,Black,2533,590
QUEENS,7,2022,Hispanic,7165,593
QUEENS,7,2022,Multi-Racial,213,610
QUEENS,7,2022,Native American,346,597
QUEENS,7,2022,White,1971,607
QUEENS,8,2022,Asian,2248,610
QUEENS,8,2022,Black,1413,589
QUEENS,8,2022,Hispanic,4412,591
QUEENS,8,2022,Multi-Racial,59,602
QUEENS,8,2022,Native American,169,594
QUEENS,8,2022,White,767,601
QUEENS,All Grades,2022,Asian,28753,611
QUEENS,All Grades,2022,Black,12397,589
QUEENS,All Grades,2022,Hispanic,39523,591
QUEENS,All Grades,2022,Multi-Racial,1269,608
QUEENS,All Grades,2022,Native American,2094,597
QUEENS,All Grades,2022,White,10605,604
QUEENS,3,2019,Asian,5810,611
QUEENS,3,2019,Black,2703,595
QUEENS,3,2019,Hispanic,8097,597
QUEENS,3,2019,Multi-Racial,240,610
QUEENS,3,2019,Native American,414,602
QUEENS,3,2019,White,2642,606
QUEENS,4,2019,Asian,6116,615
QUEENS,4,2019,Black,2913,594
QUEENS,4,2019,Hispanic,8115,597
QUEENS,4,2019,Multi-Racial,237,611
QUEENS,4,2019,Native American,398,603
QUEENS,4,2019,White,2594,608
QUEENS,5,2019,Asian,6342,615
QUEENS,5,2019,Black,2972,594
QUEENS,5,2019,Hispanic,8042,597
QUEENS,5,2019,Multi-Racial,225,611
QUEENS,5,2019,Native American,398,602
QUEENS,5,2019,White,2615,609
QUEENS,6,2019,Asian,6616,614
QUEENS,6,2019,Black,3279,592
QUEENS,6,2019,Hispanic,7992,596
QUEENS,6,2019,Multi-Racial,204,612
QUEENS,6,2019,Native American,364,598
QUEENS,6,2019,White,2498,608
QUEENS,7,2019,Asian,6300,615
QUEENS,7,2019,Black,3174,593
QUEENS,7,2019,Hispanic,7697,597
QUEENS,7,2019,Multi-Racial,128,611
QUEENS,7,2019,Native American,320,599
QUEENS,7,2019,White,2548,610
QUEENS,8,2019,Asian,3250,615
QUEENS,8,2019,Black,2358,594
QUEENS,8,2019,Hispanic,5314,598
QUEENS,8,2019,Multi-Racial,78,601
QUEENS,8,2019,Native American,271,595
QUEENS,8,2019,White,1297,608
QUEENS,All Grades,2019,Asian,34434,614
QUEENS,All Grades,2019,Black,17399,593
QUEENS,All Grades,2019,Hispanic,45257,597
QUEENS,All Grades,2019,Multi-Racial,1112,610
QUEENS,All Grades,2019,Native American,2165,600
QUEENS,All Grades,2019,White,14194,608
QUEENS,3,2018,Asian,6211,612
QUEENS,3,2018,Black,2895,595
QUEENS,3,2018,Hispanic,8110,597
QUEENS,3,2018,Multi-Racial,236,608
QUEENS,3,2018,Native American,407,600
QUEENS,3,2018,White,2654,606
QUEENS,4,2018,Asian,6409,613
QUEENS,4,2018,Black,3018,593
QUEENS,4,2018,Hispanic,8189,597
QUEENS,4,2018,Multi-Racial,224,611
QUEENS,4,2018,Native American,396,601
QUEENS,4,2018,White,2654,608
QUEENS,5,2018,Asian,6734,614
QUEENS,5,2018,Black,3217,591
QUEENS,5,2018,Hispanic,8107,596
QUEENS,5,2018,Multi-Racial,194,610
QUEENS,5,2018,Native American,390,598
QUEENS,5,2018,White,2624,607
QUEENS,6,2018,Asian,6348,613
QUEENS,6,2018,Black,3330,590
QUEENS,6,2018,Hispanic,7743,595
QUEENS,6,2018,Multi-Racial,133,608
QUEENS,6,2018,Native American,327,598
QUEENS,6,2018,White,2588,608
QUEENS,7,2018,Asian,6145,614
QUEENS,7,2018,Black,3183,592
QUEENS,7,2018,Hispanic,7761,597
QUEENS,7,2018,Multi-Racial,157,612
QUEENS,7,2018,Native American,391,597
QUEENS,7,2018,White,2531,608
QUEENS,8,2018,Asian,3310,615
QUEENS,8,2018,Black,1981,592
QUEENS,8,2018,Hispanic,5294,599
QUEENS,8,2018,Multi-Racial,60,605
QUEENS,8,2018,Native American,178,598
QUEENS,8,2018,White,1442,605
QUEENS,All Grades,2018,Asian,35157,613
QUEENS,All Grades,2018,Black,17624,592
QUEENS,All Grades,2018,Hispanic,45204,597
QUEENS,All Grades,2018,Multi-Racial,1004,610
QUEENS,All Grades,2018,Native American,2089,599
QUEENS,All Grades,2018,White,14493,607
STATEN ISLAND,3,2024,Asian,750,472
STATEN ISLAND,3,2024,Black,358,440
STATEN ISLAND,3,2024,Hispanic,1141,448
STATEN ISLAND,3,2024,Multi-Racial,88,460
STATEN ISLAND,3,2024,Native American,20,450
STATEN ISLAND,3,2024,White,1424,462
STATEN ISLAND,4,2024,Asian,794,481
STATEN ISLAND,4,2024,Black,366,444
STATEN ISLAND,4,2024,Hispanic,1158,450
STATEN ISLAND,4,2024,Multi-Racial,92,469
STATEN ISLAND,4,2024,Native American,24,457
STATEN ISLAND,4,2024,White,1481,470
STATEN ISLAND,5,2024,Asian,685,473
STATEN ISLAND,5,2024,Black,405,439
STATEN ISLAND,5,2024,Hispanic,1101,445
STATEN ISLAND,5,2024,Multi-Racial,77,453
STATEN ISLAND,5,2024,Native American,24,439
STATEN ISLAND,5,2024,White,1514,462
STATEN ISLAND,6,2024,Asian,751,473
STATEN ISLAND,6,2024,Black,346,436
STATEN ISLAND,6,2024,Hispanic,1066,443
STATEN ISLAND,6,2024,Multi-Racial,93,457
STATEN ISLAND,6,2024,Native American,11,439
STATEN ISLAND,6,2024,White,1513,462
STATEN ISLAND,7,2024,Asian,737,485
STATEN ISLAND,7,2024,Black,385,441
STATEN ISLAND,7,2024,Hispanic,996,451
STATEN ISLAND,7,2024,Multi-Racial,93,460
STATEN ISLAND,7,2024,Native American,16,459
STATEN ISLAND,7,2024,White,1555,472
STATEN ISLAND,8,2024,Asian,394,473
STATEN ISLAND,8,2024,Black,320,435
STATEN ISLAND,8,2024,Hispanic,766,442
STATEN ISLAND,8,2024,Multi-Racial,40,458
STATEN ISLAND,8,2024,Native American,20,452
STATEN ISLAND,8,2024,White,934,461
STATEN ISLAND,All Grades,2024,Asian,4111,476
STATEN ISLAND,All Grades,2024,Black,2180,439
STATEN ISLAND,All Grades,2024,Hispanic,6228,447
STATEN ISLAND,All Grades,2024,Multi-Racial,483,460
STATEN ISLAND,All Grades,2024,Native American,115,450
STATEN ISLAND,All Grades,2024,White,8421,465
STATEN ISLAND,3,2023,Asian,750,472
STATEN ISLAND,3,2023,Black,373,440
STATEN ISLAND,3,2023,Hispanic,1139,446
STATEN ISLAND,3,2023,Multi-Racial,89,461
STATEN ISLAND,3,2023,Native American,22,450
STATEN ISLAND,3,2023,White,1490,464
STATEN ISLAND,4,2023,Asian,652,470
STATEN ISLAND,4,2023,Black,405,439
STATEN ISLAND,4,2023,Hispanic,1136,443
STATEN ISLAND,4,2023,Multi-Racial,74,453
STATEN ISLAND,4,2023,Native American,24,438
STATEN ISLAND,4,2023,White,1527,463
STATEN ISLAND,5,2023,Asian,740,473
STATEN ISLAND,5,2023,Black,421,438
STATEN ISLAND,5,2023,Hispanic,1195,445
STATEN ISLAND,5,2023,Multi-Racial,99,457
STATEN ISLAND,5,2023,Native American,16,454
STATEN ISLAND,5,2023,White,1601,462
STATEN ISLAND,6,2023,Asian,683,473
STATEN ISLAND,6,2023,Black,414,431
STATEN ISLAND,6,2023,Hispanic,973,440
STATEN ISLAND,6,2023,Multi-Racial,86,447
STATEN ISLAND,6,2023,Native American,16,442
STATEN ISLAND,6,2023,White,1558,460
STATEN ISLAND,7,2023,Asian,609,477
STATEN ISLAND,7,2023,Black,390,440
STATEN ISLAND,7,2023,Hispanic,1035,448
STATEN ISLAND,7,2023,Multi-Racial,61,455
STATEN ISLAND,7,2023,Native American,21,456
STATEN ISLAND,7,2023,White,1511,466
STATEN ISLAND,8,2023,Asian,341,467
STATEN ISLAND,8,2023,Black,247,437
STATEN ISLAND,8,2023,Hispanic,787,442
STATEN ISLAND,8,2023,Multi-Racial,33,446
STATEN ISLAND,8,2023,Native American,11,447
STATEN ISLAND,8,2023,White,1044,461
STATEN ISLAND,All Grades,2023,Asian,3775,472
STATEN ISLAND,All Grades,2023,Black,2250,437
STATEN ISLAND,All Grades,2023,Hispanic,6265,444
STATEN ISLAND,All Grades,2023,Multi-Racial,442,454
STATEN ISLAND,All Grades,2023,Native American,110,448
STATEN ISLAND,All Grades,2023,White,8731,463
STATEN ISLAND,3,2022,Asian,602,609
STATEN ISLAND,3,2022,Black,411,586
STATEN ISLAND,3,2022,Hispanic,1140,591
STATEN ISLAND,3,2022,Multi-Racial,85,600
STATEN ISLAND,3,2022,Native American,23,589
STATEN ISLAND,3,2022,White,1580,604
STATEN ISLAND,4,2022,Asian,674,611
STATEN ISLAND,4,2022,Black,441,583
STATEN ISLAND,4,2022,Hispanic,1245,588
STATEN ISLAND,4,2022,Multi-Racial,98,599
STATEN ISLAND,4,2022,Native American,14,591
STATEN ISLAND,4,2022,White,1625,604
STATEN ISLAND,5,2022,Asian,656,612
STATEN ISLAND,5,2022,Black,518,583
STATEN ISLAND,5,2022,Hispanic,1177,590
STATEN ISLAND,5,2022,Multi-Racial,85,596
STATEN ISLAND,5,2022,Native American,19,591
STATEN ISLAND,5,2022,White,1680,605
STATEN ISLAND,6,2022,Asian,555,609
STATEN ISLAND,6,2022,Black,416,584
STATEN ISLAND,6,2022,Hispanic,1061,590
STATEN ISLAND,6,2022,Multi-Racial,62,595
STATEN ISLAND,6,2022,Native American,18,598
STATEN ISLAND,6,2022,White,1496,603
STATEN ISLAND,7,2022,Asian,579,614
STATEN ISLAND,7,2022,Black,424,588
STATEN ISLAND,7,2022,Hispanic,1097,592
STATEN ISLAND,7,2022,Multi-Racial,66,598
STATEN ISLAND,7,2022,Native American,12,593
STATEN ISLAND,7,2022,White,1592,607
STATEN ISLAND,8,2022,Asian,298,609
STATEN ISLAND,8,2022,Black,275,586
STATEN ISLAND,8,2022,Hispanic,785,591
STATEN ISLAND,8,2022,Multi-Racial,27,593
STATEN ISLAND,8,2022,Native American,7,591
STATEN ISLAND,8,2022,White,756,603
STATEN ISLAND,All Grades,2022,Asian,3364,611
STATEN ISLAND,All Grades,2022,Black,2485,585
STATEN ISLAND,All Grades,2022,Hispanic,6505,590
STATEN ISLAND,All Grades,2022,Multi-Racial,423,597
STATEN ISLAND,All Grades,2022,Native American,93,592
STATEN ISLAND,All Grades,2022,White,8729,604
STATEN ISLAND,3,2019,Asian,497,610
STATEN ISLAND,3,2019,Black,543,590
STATEN ISLAND,3,2019,Hispanic,1347,596
STATEN ISLAND,3,2019,Multi-Racial,77,600
STATEN ISLAND,3,2019,Native American,26,602
STATEN ISLAND,3,2019,White,1944,606
STATEN ISLAND,4,2019,Asian,509,614
STATEN ISLAND,4,2019,Black,527,593
STATEN ISLAND,4,2019,Hispanic,1389,595
STATEN ISLAND,4,2019,Multi-Racial,91,602
STATEN ISLAND,4,2019,Native American,20,597
STATEN ISLAND,4,2019,White,1900,608
STATEN ISLAND,5,2019,Asian,489,613
STATEN ISLAND,5,2019,Black,538,591
STATEN ISLAND,5,2019,Hispanic,1410,596
STATEN ISLAND,5,2019,Multi-Racial,82,603
STATEN ISLAND,5,2019,Native American,21,596
STATEN ISLAND,5,2019,White,1951,607
STATEN ISLAND,6,2019,Asian,469,613
STATEN ISLAND,6,2019,Black,548,587
STATEN ISLAND,6,2019,Hispanic,1175,593
STATEN ISLAND,6,2019,Multi-Racial,64,601
STATEN ISLAND,6,2019,Native American,20,600
STATEN ISLAND,6,2019,White,1976,607
STATEN ISLAND,7,2019,Asian,458,615
STATEN ISLAND,7,2019,Black,466,588
STATEN ISLAND,7,2019,Hispanic,1184,593
STATEN ISLAND,7,2019,Multi-Racial,41,605
STATEN ISLAND,7,2019,Native American,9,604
STATEN ISLAND,7,2019,White,2057,607
STATEN ISLAND,8,2019,Asian,329,617
STATEN ISLAND,8,2019,Black,377,591
STATEN ISLAND,8,2019,Hispanic,885,597
STATEN ISLAND,8,2019,Multi-Racial,34,607
STATEN ISLAND,8,2019,Native American,8,604
STATEN ISLAND,8,2019,White,1630,608
STATEN ISLAND,All Grades,2019,Asian,2751,613
STATEN ISLAND,All Grades,2019,Black,2999,590
STATEN ISLAND,All Grades,2019,Hispanic,7390,595
STATEN ISLAND,All Grades,2019,Multi-Racial,389,602
STATEN ISLAND,All Grades,2019,Native American,104,600
STATEN ISLAND,All Grades,2019,White,11458,607
STATEN ISLAND,3,2018,Asian,457,613
STATEN ISLAND,3,2018,Black,552,592
STATEN ISLAND,3,2018,Hispanic,1384,595
STATEN ISLAND,3,2018,Multi-Racial,96,599
STATEN ISLAND,3,2018,Native American,20,598
STATEN ISLAND,3,2018,White,1940,606
STATEN ISLAND,4,2018,Asian,439,612
STATEN ISLAND,4,2018,Black,574,589
STATEN ISLAND,4,2018,Hispanic,1470,594
STATEN ISLAND,4,2018,Multi-Racial,78,600
STATEN ISLAND,4,2018,Native American,23,592
STATEN ISLAND,4,2018,White,1962,607
STATEN ISLAND,5,2018,Asian,450,612
STATEN ISLAND,5,2018,Black,603,589
STATEN ISLAND,5,2018,Hispanic,1311,593
STATEN ISLAND,5,2018,Multi-Racial,74,602
STATEN ISLAND,5,2018,Native American,21,595
STATEN ISLAND,5,2018,White,2082,606
STATEN ISLAND,6,2018,Asian,409,612
STATEN ISLAND,6,2018,Black,460,587
STATEN ISLAND,6,2018,Hispanic,1169,593
STATEN ISLAND,6,2018,Multi-Racial,56,606
STATEN ISLAND,6,2018,Native American,12,592
STATEN ISLAND,6,2018,White,2093,605
STATEN ISLAND,7,2018,Asian,379,613
STATEN ISLAND,7,2018,Black,490,587
STATEN ISLAND,7,2018,Hispanic,1091,594
STATEN ISLAND,7,2018,Multi-Racial,45,605
STATEN ISLAND,7,2018,Native American,13,594
STATEN ISLAND,7,2018,White,2032,606
STATEN ISLAND,8,2018,Asian,343,617
STATEN ISLAND,8,2018,Black,456,592
STATEN ISLAND,8,2018,Hispanic,890,596
STATEN ISLAND,8,2018,Multi-Racial,24,600
STATEN ISLAND,8,2018,Native American,23,607
STATEN ISLAND,8,2018,White,1724,607
STATEN ISLAND,All Grades,2018,Asian,2477,613
STATEN ISLAND,All Grades,2018,Black,3135,589
STATEN ISLAND,All Grades,2018,Hispanic,7315,594
STATEN ISLAND,All Grades,2018,Multi-Racial,373,602
STATEN ISLAND,All Grades,2018,Native American,112,597
STATEN ISLAND,All Grades,2018,White,11833,606
BRONX,3,2024,Econ Disadv,7686,444
BRONX,3,2024,Not Econ Disadv,2260,444
BRONX,4,2024,Econ Disadv,8097,445
BRONX,4,2024,Not Econ Disadv,2192,446
BRONX,5,2024,Econ Disadv,8563,442
BRONX,5,2024,Not Econ Disadv,1866,447
BRONX,6,2024,Econ Disadv,7815,441
BRONX,6,2024,Not Econ Disadv,2780,443
BRONX,7,2024,Econ Disadv,8716,448
BRONX,7,2024,Not Econ Disadv,1951,447
BRONX,8,2024,Econ Disadv,6572,441
BRONX,8,2024,Not Econ Disadv,1369,441
BRONX,All Grades,2024,Econ Disadv,47449,444
BRONX,All Grades,2024,Not Econ Disadv,12418,445
BRONX,3,2023,Econ Disadv,9142,441
BRONX,3,2023,Not Econ Disadv,1069,455
BRONX,4,2023,Econ Disadv,9894,439
BRONX,4,2023,Not Econ Disadv,1135,454
BRONX,5,2023,Econ Disadv,10172,439
BRONX,5,2023,Not Econ Disadv,1220,453
BRONX,6,2023,Econ Disadv,9817,438
BRONX,6,2023,Not Econ Disadv,903,450
BRONX,7,2023,Econ Disadv,9938,442
BRONX,7,2023,Not Econ Disadv,1311,453
BRONX,8,2023,Econ Disadv,7746,439
BRONX,8,2023,Not Econ Disadv,913,445
BRONX,All Grades,2023,Econ Disadv,56709,440
BRONX,All Grades,2023,Not Econ Disadv,6551,452
BRONX,3,2022,Econ Disadv,9709,586
BRONX,3,2022,Not Econ Disadv,1165,597
BRONX,4,2022,Econ Disadv,10118,583
BRONX,4,2022,Not Econ Disadv,1305,595
BRONX,5,2022,Econ Disadv,10186,585
BRONX,5,2022,Not Econ Disadv,1301,594
BRONX,6,2022,Econ Disadv,9981,586
BRONX,6,2022,Not Econ Disadv,1024,594
BRONX,7,2022,Econ Disadv,9922,589
BRONX,7,2022,Not Econ Disadv,1437,594
BRONX,8,2022,Econ Disadv,8132,590
BRONX,8,2022,Not Econ Disadv,994,593
BRONX,All Grades,2022,Econ Disadv,58048,587
BRONX,All Grades,2022,Not Econ Disadv,7226,595
BRONX,3,2019,Econ Disadv,12729,592
BRONX,3,2019,Not Econ Disadv,1731,600
BRONX,4,2019,Econ Disadv,13248,592
BRONX,4,2019,Not Econ Disadv,1798,600
BRONX,5,2019,Econ Disadv,12953,592
BRONX,5,2019,Not Econ Disadv,1796,599
BRONX,6,2019,Econ Disadv,12393,591
BRONX,6,2019,Not Econ Disadv,1736,598
BRONX,7,2019,Econ Disadv,12303,592
BRONX,7,2019,Not Econ Disadv,1825,598
BRONX,8,2019,Econ Disadv,10866,595
BRONX,8,2019,Not Econ Disadv,1752,601
BRONX,All Grades,2019,Econ Disadv,74492,592
BRONX,All Grades,2019,Not Econ Disadv,10638,599
BRONX,3,2018,Econ Disadv,13483,591
BRONX,3,2018,Not Econ Disadv,1699,599
BRONX,4,2018,Econ Disadv,13397,590
BRONX,4,2018,Not Econ Disadv,1693,599
BRONX,5,2018,Econ Disadv,13406,590
BRONX,5,2018,Not Econ Disadv,1802,597
BRONX,6,2018,Econ Disadv,12628,590
BRONX,6,2018,Not Econ Disadv,1539,596
BRONX,7,2018,Econ Disadv,12637,590
BRONX,7,2018,Not Econ Disadv,1746,597
BRONX,8,2018,Econ Disadv,10776,594
BRONX,8,2018,Not Econ Disadv,1572,599
BRONX,All Grades,2018,Econ Disadv,76327,591
BRONX,All Grades,2018,Not Econ Disadv,10051,598
BROOKLYN,3,2024,Econ Disadv,9797,452
BROOKLYN,3,2024,Not Econ Disadv,5408,460
BROOKLYN,4,2024,Econ Disadv,9909,457
BROOKLYN,4,2024,Not Econ Disadv,5403,464
BROOKLYN,5,2024,Econ Disadv,9876,452
BROOKLYN,5,2024,Not Econ Disadv,4726,460
BROOKLYN,6,2024,Econ Disadv,9336,450
BROOKLYN,6,2024,Not Econ Disadv,6426,460
BROOKLYN,7,2024,Econ Disadv,11173,459
BROOKLYN,7,2024,Not Econ Disadv,4278,466
BROOKLYN,8,2024,Econ Disadv,7654,454
BROOKLYN,8,2024,Not Econ Disadv,2409,461
BROOKLYN,All Grades,2024,Econ Disadv,57745,454
BROOKLYN,All Grades,2024,Not Econ Disadv,28650,462
BROOKLYN,3,2023,Econ Disadv,10906,452
BROOKLYN,3,2023,Not Econ Disadv,4024,468
BROOKLYN,4,2023,Econ Disadv,11140,451
BROOKLYN,4,2023,Not Econ Disadv,3912,468
BROOKLYN,5,2023,Econ Disadv,12140,450
BROOKLYN,5,2023,Not Econ Disadv,3912,466
BROOKLYN,6,2023,Econ Disadv,12281,449
BROOKLYN,6,2023,Not Econ Disadv,3090,466
BROOKLYN,7,2023,Econ Disadv,11744,453
BROOKLYN,7,2023,Not Econ Disadv,3449,469
BROOKLYN,8,2023,Econ Disadv,9545,451
BROOKLYN,8,2023,Not Econ Disadv,2020,460
BROOKLYN,All Grades,2023,Econ Disadv,67756,451
BROOKLYN,All Grades,2023,Not Econ Disadv,20407,467
BROOKLYN,3,2022,Econ Disadv,10786,595
BROOKLYN,3,2022,Not Econ Disadv,4121,606
BROOKLYN,4,2022,Econ Disadv,11480,594
BROOKLYN,4,2022,Not Econ Disadv,4158,606
BROOKLYN,5,2022,Econ Disadv,11721,594
BROOKLYN,5,2022,Not Econ Disadv,4072,606
BROOKLYN,6,2022,Econ Disadv,12047,594
BROOKLYN,6,2022,Not Econ Disadv,3040,606
BROOKLYN,7,2022,Econ Disadv,11971,597
BROOKLYN,7,2022,Not Econ Disadv,3648,607
BROOKLYN,8,2022,Econ Disadv,8614,597
BROOKLYN,8,2022,Not Econ Disadv,1982,603
BROOKLYN,All Grades,2022,Econ Disadv,66619,595
BROOKLYN,All Grades,2022,Not Econ Disadv,21021,606
BROOKLYN,3,2019,Econ Disadv,14108,599
BROOKLYN,3,2019,Not Econ Disadv,4843,609
BROOKLYN,4,2019,Econ Disadv,14798,599
BROOKLYN,4,2019,Not Econ Disadv,4932,610
BROOKLYN,5,2019,Econ Disadv,14694,599
BROOKLYN,5,2019,Not Econ Disadv,4674,609
BROOKLYN,6,2019,Econ Disadv,14830,597
BROOKLYN,6,2019,Not Econ Disadv,4585,609
BROOKLYN,7,2019,Econ Disadv,14445,600
BROOKLYN,7,2019,Not Econ Disadv,4340,611
BROOKLYN,8,2019,Econ Disadv,12894,602
BROOKLYN,8,2019,Not Econ Disadv,3161,610
BROOKLYN,All Grades,2019,Econ Disadv,85769,599
BROOKLYN,All Grades,2019,Not Econ Disadv,26535,610
BROOKLYN,3,2018,Econ Disadv,15249,598
BROOKLYN,3,2018,Not Econ Disadv,4753,610
BROOKLYN,4,2018,Econ Disadv,15181,598
BROOKLYN,4,2018,Not Econ Disadv,4553,610
BROOKLYN,5,2018,Econ Disadv,15175,597
BROOKLYN,5,2018,Not Econ Disadv,4734,609
BROOKLYN,6,2018,Econ Disadv,15077,597
BROOKLYN,6,2018,Not Econ Disadv,3888,609
BROOKLYN,7,2018,Econ Disadv,14737,598
BROOKLYN,7,2018,Not Econ Disadv,4161,608
BROOKLYN,8,2018,Econ Disadv,12828,602
BROOKLYN,8,2018,Not Econ Disadv,3080,609
BROOKLYN,All Grades,2018,Econ Disadv,88247,598
BROOKLYN,All Grades,2018,Not Econ Disadv,25169,609
MANHATTAN,3,2024,Econ Disadv,2760,447
MANHATTAN,3,2024,Not Econ Disadv,3212,467
MANHATTAN,4,2024,Econ Disadv,2828,449
MANHATTAN,4,2024,Not Econ Disadv,3104,474
MANHATTAN,5,2024,Econ Disadv,2653,447
MANHATTAN,5,2024,Not Econ Disadv,2746,474
MANHATTAN,6,2024,Econ Disadv,2729,448
MANHATTAN,6,2024,Not Econ Disadv,3092,466
MANHATTAN,7,2024,Econ Disadv,3304,454
MANHATTAN,7,2024,Not Econ Disadv,2696,476
MANHATTAN,8,2024,Econ Disadv,1471,446
MANHATTAN,8,2024,Not Econ Disadv,615,455
MANHATTAN,All Grades,2024,Econ Disadv,15745,449
MANHATTAN,All Grades,2024,Not Econ Disadv,15465,471
MANHATTAN,3,2023,Econ Disadv,3283,445
MANHATTAN,3,2023,Not Econ Disadv,2624,476
MANHATTAN,4,2023,Econ Disadv,3335,444
MANHATTAN,4,2023,Not Econ Disadv,2593,478
MANHATTAN,5,2023,Econ Disadv,3436,444
MANHATTAN,5,2023,Not Econ Disadv,2509,476
MANHATTAN,6,2023,Econ Disadv,3736,444
MANHATTAN,6,2023,Not Econ Disadv,2258,474
MANHATTAN,7,2023,Econ Disadv,3847,447
MANHATTAN,7,2023,Not Econ Disadv,2348,477
MANHATTAN,8,2023,Econ Disadv,1807,443
MANHATTAN,8,2023,Not Econ Disadv,546,457
MANHATTAN,All Grades,2023,Econ Disadv,19444,445
MANHATTAN,All Grades,2023,Not Econ Disadv,12878,475
MANHATTAN,3,2022,Econ Disadv,3022,591
MANHATTAN,3,2022,Not Econ Disadv,2736,613
MANHATTAN,4,2022,Econ Disadv,3097,589
MANHATTAN,4,2022,Not Econ Disadv,2645,615
MANHATTAN,5,2022,Econ Disadv,3390,591
MANHATTAN,5,2022,Not Econ Disadv,2597,613
MANHATTAN,6,2022,Econ Disadv,3672,592
MANHATTAN,6,2022,Not Econ Disadv,2304,614
MANHATTAN,7,2022,Econ Disadv,3599,594
MANHATTAN,7,2022,Not Econ Disadv,2486,613
MANHATTAN,8,2022,Econ Disadv,1852,592
MANHATTAN,8,2022,Not Econ Disadv,608,602
MANHATTAN,All Grades,2022,Econ Disadv,18632,591
MANHATTAN,All Grades,2022,Not Econ Disadv,13376,613
MANHATTAN,3,2019,Econ Disadv,4483,597
MANHATTAN,3,2019,Not Econ Disadv,3375,616
MANHATTAN,4,2019,Econ Disadv,4729,596
MANHATTAN,4,2019,Not Econ Disadv,3259,618
MANHATTAN,5,2019,Econ Disadv,4539,596
MANHATTAN,5,2019,Not Econ Disadv,3125,616
MANHATTAN,6,2019,Econ Disadv,4675,597
MANHATTAN,6,2019,Not Econ Disadv,3054,615
MANHATTAN,7,2019,Econ Disadv,4733,598
MANHATTAN,7,2019,Not Econ Disadv,3000,617
MANHATTAN,8,2019,Econ Disadv,3256,599
MANHATTAN,8,2019,Not Econ Disadv,1229,606
MANHATTAN,All Grades,2019,Econ Disadv,26415,597
MANHATTAN,All Grades,2019,Not Econ Disadv,17042,615
MANHATTAN,3,2018,Econ Disadv,4778,595
MANHATTAN,3,2018,Not Econ Disadv,3323,615
MANHATTAN,4,2018,Econ Disadv,4784,594
MANHATTAN,4,2018,Not Econ Disadv,3312,615
MANHATTAN,5,2018,Econ Disadv,4773,596
MANHATTAN,5,2018,Not Econ Disadv,3203,616
MANHATTAN,6,2018,Econ Disadv,4835,595
MANHATTAN,6,2018,Not Econ Disadv,2957,614
MANHATTAN,7,2018,Econ Disadv,4808,596
MANHATTAN,7,2018,Not Econ Disadv,2995,614
MANHATTAN,8,2018,Econ Disadv,3857,597
MANHATTAN,8,2018,Not Econ Disadv,1499,608
MANHATTAN,All Grades,2018,Econ Disadv,27835,595
MANHATTAN,All Grades,2018,Not Econ Disadv,17289,614
QUEENS,3,2024,Econ Disadv,10543,452
QUEENS,3,2024,Not Econ Disadv,5954,458
QUEENS,4,2024,Econ Disadv,10790,458
QUEENS,4,2024,Not Econ Disadv,6301,464
QUEENS,5,2024,Econ Disadv,10478,453
QUEENS,5,2024,Not Econ Disadv,5330,463
QUEENS,6,2024,Econ Disadv,10523,451
QUEENS,6,2024,Not Econ Disadv,7406,457
QUEENS,7,2024,Econ Disadv,12259,459
QUEENS,7,2024,Not Econ Disadv,5288,464
QUEENS,8,2024,Econ Disadv,5211,444
QUEENS,8,2024,Not Econ Disadv,2057,450
QUEENS,All Grades,2024,Econ Disadv,59804,454
QUEENS,All Grades,2024,Not Econ Disadv,32336,460
QUEENS,3,2023,Econ Disadv,11858,453
QUEENS,3,2023,Not Econ Disadv,4717,467
QUEENS,4,2023,Econ Disadv,12226,451
QUEENS,4,2023,Not Econ Disadv,4721,467
QUEENS,5,2023,Econ Disadv,12479,451
QUEENS,5,2023,Not Econ Disadv,4800,465
QUEENS,6,2023,Econ Disadv,13502,449
QUEENS,6,2023,Not Econ Disadv,3865,464
QUEENS,7,2023,Econ Disadv,12796,453
QUEENS,7,2023,Not Econ Disadv,4705,465
QUEENS,8,2023,Econ Disadv,6501,443
QUEENS,8,2023,Not Econ Disadv,1825,449
QUEENS,All Grades,2023,Econ Disadv,69362,451
QUEENS,All Grades,2023,Not Econ Disadv,24633,465
QUEENS,3,2022,Econ Disadv,11760,596
QUEENS,3,2022,Not Econ Disadv,4936,607
QUEENS,4,2022,Econ Disadv,12160,595
QUEENS,4,2022,Not Econ Disadv,4936,606
QUEENS,5,2022,Econ Disadv,12010,596
QUEENS,5,2022,Not Econ Disadv,4860,606
QUEENS,6,2022,Econ Disadv,13234,595
QUEENS,6,2022,Not Econ Disadv,4034,605
QUEENS,7,2022,Econ Disadv,12738,598
QUEENS,7,2022,Not Econ Disadv,4905,606
QUEENS,8,2022,Econ Disadv,7014,596
QUEENS,8,2022,Not Econ Disadv,2054,599
QUEENS,All Grades,2022,Econ Disadv,68916,596
QUEENS,All Grades,2022,Not Econ Disadv,25725,606
QUEENS,3,2019,Econ Disadv,14307,600
QUEENS,3,2019,Not Econ Disadv,5599,609
QUEENS,4,2019,Econ Disadv,14634,601
QUEENS,4,2019,Not Econ Disadv,5739,610
QUEENS,5,2019,Econ Disadv,14919,602
QUEENS,5,2019,Not Econ Disadv,5675,610
QUEENS,6,2019,Econ Disadv,15143,600
QUEENS,6,2019,Not Econ Disadv,5810,609
QUEENS,7,2019,Econ Disadv,14449,602
QUEENS,7,2019,Not Econ Disadv,5718,610
QUEENS,8,2019,Econ Disadv,9318,602
QUEENS,8,2019,Not Econ Disadv,3250,605
QUEENS,All Grades,2019,Econ Disadv,82770,601
QUEENS,All Grades,2019,Not Econ Disadv,31791,609
QUEENS,3,2018,Econ Disadv,15158,600
QUEENS,3,2018,Not Econ Disadv,5355,609
QUEENS,4,2018,Econ Disadv,15634,601
QUEENS,4,2018,Not Econ Disadv,5256,610
QUEENS,5,2018,Econ Disadv,15699,600
QUEENS,5,2018,Not Econ Disadv,5567,609
QUEENS,6,2018,Econ Disadv,15415,599
QUEENS,6,2018,Not Econ Disadv,5054,608
QUEENS,7,2018,Econ Disadv,15013,601
QUEENS,7,2018,Not Econ Disadv,5155,608
QUEENS,8,2018,Econ Disadv,9363,602
QUEENS,8,2018,Not Econ Disadv,2902,606
QUEENS,All Grades,2018,Econ Disadv,86282,600
QUEENS,All Grades,2018,Not Econ Disadv,29289,609
STATEN ISLAND,3,2024,Econ Disadv,2173,452
STATEN ISLAND,3,2024,Not Econ Disadv,1609,465
STATEN ISLAND,4,2024,Econ Disadv,2280,458
STATEN ISLAND,4,2024,Not Econ Disadv,1637,472
STATEN ISLAND,5,2024,Econ Disadv,2213,451
STATEN ISLAND,5,2024,Not Econ Disadv,1600,464
STATEN ISLAND,6,2024,Econ Disadv,2127,451
STATEN ISLAND,6,2024,Not Econ Disadv,1655,463
STATEN ISLAND,7,2024,Econ Disadv,2344,461
STATEN ISLAND,7,2024,Not Econ Disadv,1440,473
STATEN ISLAND,8,2024,Econ Disadv,1516,448
STATEN ISLAND,8,2024,Not Econ Disadv,962,462
STATEN ISLAND,All Grades,2024,Econ Disadv,12653,454
STATEN ISLAND,All Grades,2024,Not Econ Disadv,8903,467
STATEN ISLAND,3,2023,Econ Disadv,2423,452
STATEN ISLAND,3,2023,Not Econ Disadv,1440,468
STATEN ISLAND,4,2023,Econ Disadv,2346,449
STATEN ISLAND,4,2023,Not Econ Disadv,1472,466
STATEN ISLAND,5,2023,Econ Disadv,2535,451
STATEN ISLAND,5,2023,Not Econ Disadv,1537,466
STATEN ISLAND,6,2023,Econ Disadv,2458,449
STATEN ISLAND,6,2023,Not Econ Disadv,1272,463
STATEN ISLAND,7,2023,Econ Disadv,2142,453
STATEN ISLAND,7,2023,Not Econ Disadv,1485,469
STATEN ISLAND,8,2023,Econ Disadv,1461,446
STATEN ISLAND,8,2023,Not Econ Disadv,1002,463
STATEN ISLAND,All Grades,2023,Econ Disadv,13365,450
STATEN ISLAND,All Grades,2023,Not Econ Disadv,8208,466
STATEN ISLAND,3,2022,Econ Disadv,2292,593
STATEN ISLAND,3,2022,Not Econ Disadv,1549,607
STATEN ISLAND,4,2022,Econ Disadv,2525,593
STATEN ISLAND,4,2022,Not Econ Disadv,1572,607
STATEN ISLAND,5,2022,Econ Disadv,2495,594
STATEN ISLAND,5,2022,Not Econ Disadv,1640,606
STATEN ISLAND,6,2022,Econ Disadv,2312,594
STATEN ISLAND,6,2022,Not Econ Disadv,1296,605
STATEN ISLAND,7,2022,Econ Disadv,2208,596
STATEN ISLAND,7,2022,Not Econ Disadv,1562,609
STATEN ISLAND,8,2022,Econ Disadv,1322,594
STATEN ISLAND,8,2022,Not Econ Disadv,826,602
STATEN ISLAND,All Grades,2022,Econ Disadv,13154,594
STATEN ISLAND,All Grades,2022,Not Econ Disadv,8445,606
STATEN ISLAND,3,2019,Econ Disadv,2656,597
STATEN ISLAND,3,2019,Not Econ Disadv,1778,608
STATEN ISLAND,4,2019,Econ Disadv,2648,597
STATEN ISLAND,4,2019,Not Econ Disadv,1788,610
STATEN ISLAND,5,2019,Econ Disadv,2645,598
STATEN ISLAND,5,2019,Not Econ Disadv,1846,608
STATEN ISLAND,6,2019,Econ Disadv,2517,596
STATEN ISLAND,6,2019,Not Econ Disadv,1735,609
STATEN ISLAND,7,2019,Econ Disadv,2460,597
STATEN ISLAND,7,2019,Not Econ Disadv,1755,609
STATEN ISLAND,8,2019,Econ Disadv,1875,599
STATEN ISLAND,8,2019,Not Econ Disadv,1388,611
STATEN ISLAND,All Grades,2019,Econ Disadv,14801,597
STATEN ISLAND,All Grades,2019,Not Econ Disadv,10290,609
STATEN ISLAND,3,2018,Econ Disadv,2678,597
STATEN ISLAND,3,2018,Not Econ Disadv,1771,609
STATEN ISLAND,4,2018,Econ Disadv,2741,596
STATEN ISLAND,4,2018,Not Econ Disadv,1805,609
STATEN ISLAND,5,2018,Econ Disadv,2673,595
STATEN ISLAND,5,2018,Not Econ Disadv,1868,608
STATEN ISLAND,6,2018,Econ Disadv,2515,596
STATEN ISLAND,6,2018,Not Econ Disadv,1684,608
STATEN ISLAND,7,2018,Econ Disadv,2366,596
STATEN ISLAND,7,2018,Not Econ Disadv,1684,609
STATEN ISLAND,8,2018,Econ Disadv,2042,599
STATEN ISLAND,8,2018,Not Econ Disadv,1418,610
STATEN ISLAND,All Grades,2018,Econ Disadv,15015,596
STATEN ISLAND,All Grades,2018,Not Econ Disadv,10230,609
BRONX,3,2024,Not SWD,7471,448
BRONX,3,2024,SWD,2475,432
BRONX,4,2024,Not SWD,7699,450
BRONX,4,2024,SWD,2590,432
BRONX,5,2024,Not SWD,7687,447
BRONX,5,2024,SWD,2742,430
BRONX,6,2024,Not SWD,7813,445
BRONX,6,2024,SWD,2782,430
BRONX,7,2024,Not SWD,8090,452
BRONX,7,2024,SWD,2577,435
BRONX,8,2024,Not SWD,5693,447
BRONX,8,2024,SWD,2248,428
BRONX,All Grades,2024,Not SWD,44453,448
BRONX,All Grades,2024,SWD,15414,431
BRONX,3,2023,Not SWD,7848,446
BRONX,3,2023,SWD,2363,431
BRONX,4,2023,Not SWD,8283,445
BRONX,4,2023,SWD,2746,428
BRONX,5,2023,Not SWD,8549,445
BRONX,5,2023,SWD,2843,429
BRONX,6,2023,Not SWD,8073,443
BRONX,6,2023,SWD,2647,428
BRONX,7,2023,Not SWD,8331,448
BRONX,7,2023,SWD,2918,430
BRONX,8,2023,Not SWD,6431,444
BRONX,8,2023,SWD,2228,427
BRONX,All Grades,2023,Not SWD,47515,445
BRONX,All Grades,2023,SWD,15745,429
BRONX,3,2022,Not SWD,8269,590
BRONX,3,2022,SWD,2605,578
BRONX,4,2022,Not SWD,8619,588
BRONX,4,2022,SWD,2804,574
BRONX,5,2022,Not SWD,8689,589
BRONX,5,2022,SWD,2798,576
BRONX,6,2022,Not SWD,8168,590
BRONX,6,2022,SWD,2837,577
BRONX,7,2022,Not SWD,8568,594
BRONX,7,2022,SWD,2791,578
BRONX,8,2022,Not SWD,6711,595
BRONX,8,2022,SWD,2415,580
BRONX,All Grades,2022,Not SWD,49024,591
BRONX,All Grades,2022,SWD,16250,577
BRONX,3,2019,Not SWD,10961,596
BRONX,3,2019,SWD,3499,583
BRONX,4,2019,Not SWD,11335,596
BRONX,4,2019,SWD,3711,581
BRONX,5,2019,Not SWD,10971,596
BRONX,5,2019,SWD,3778,581
BRONX,6,2019,Not SWD,10542,596
BRONX,6,2019,SWD,3587,580
BRONX,7,2019,Not SWD,10576,597
BRONX,7,2019,SWD,3552,581
BRONX,8,2019,Not SWD,9435,600
BRONX,8,2019,SWD,3183,583
BRONX,All Grades,2019,Not SWD,63820,597
BRONX,All Grades,2019,SWD,21310,582
BRONX,3,2018,Not SWD,11692,595
BRONX,3,2018,SWD,3490,581
BRONX,4,2018,Not SWD,11326,595
BRONX,4,2018,SWD,3764,581
BRONX,5,2018,Not SWD,11428,595
BRONX,5,2018,SWD,3780,581
BRONX,6,2018,Not SWD,10500,594
BRONX,6,2018,SWD,3667,579
BRONX,7,2018,Not SWD,10779,595
BRONX,7,2018,SWD,3604,579
BRONX,8,2018,Not SWD,9190,599
BRONX,8,2018,SWD,3158,583
BRONX,All Grades,2018,Not SWD,64915,595
BRONX,All Grades,2018,SWD,21463,581
BROOKLYN,3,2024,Not SWD,12158,458
BROOKLYN,3,2024,SWD,3047,440
BROOKLYN,4,2024,Not SWD,12254,464
BROOKLYN,4,2024,SWD,3058,441
BROOKLYN,5,2024,Not SWD,11499,459
BROOKLYN,5,2024,SWD,3103,437
BROOKLYN,6,2024,Not SWD,12685,458
BROOKLYN,6,2024,SWD,3077,435
BROOKLYN,7,2024,Not SWD,12429,466
BROOKLYN,7,2024,SWD,3022,441
BROOKLYN,8,2024,Not SWD,7866,462
BROOKLYN,8,2024,SWD,2197,433
BROOKLYN,All Grades,2024,Not SWD,68891,461
BROOKLYN,All Grades,2024,SWD,17504,438
BROOKLYN,3,2023,Not SWD,12138,460
BROOKLYN,3,2023,SWD,2792,440
BROOKLYN,4,2023,Not SWD,12039,460
BROOKLYN,4,2023,SWD,3013,439
BROOKLYN,5,2023,Not SWD,12830,458
BROOKLYN,5,2023,SWD,3222,437
BROOKLYN,6,2023,Not SWD,12282,457
BROOKLYN,6,2023,SWD,3089,434
BROOKLYN,7,2023,Not SWD,12153,462
BROOKLYN,7,2023,SWD,3040,437
BROOKLYN,8,2023,Not SWD,9137,458
BROOKLYN,8,2023,SWD,2428,432
BROOKLYN,All Grades,2023,Not SWD,70579,459
BROOKLYN,All Grades,2023,SWD,17584,437
BROOKLYN,3,2022,Not SWD,12030,601
BROOKLYN,3,2022,SWD,2877,587
BROOKLYN,4,2022,Not SWD,12506,601
BROOKLYN,4,2022,SWD,3132,582
BROOKLYN,5,2022,Not SWD,12543,601
BROOKLYN,5,2022,SWD,3250,583
BROOKLYN,6,2022,Not SWD,11937,600
BROOKLYN,6,2022,SWD,3150,582
BROOKLYN,7,2022,Not SWD,12413,604
BROOKLYN,7,2022,SWD,3206,584
BROOKLYN,8,2022,Not SWD,8281,603
BROOKLYN,8,2022,SWD,2315,582
BROOKLYN,All Grades,2022,Not SWD,69710,602
BROOKLYN,All Grades,2022,SWD,17930,583
BROOKLYN,3,2019,Not SWD,15136,604
BROOKLYN,3,2019,SWD,3815,589
BROOKLYN,4,2019,Not SWD,15585,606
BROOKLYN,4,2019,SWD,4145,588
BROOKLYN,5,2019,Not SWD,15375,605
BROOKLYN,5,2019,SWD,3993,586
BROOKLYN,6,2019,Not SWD,15444,604
BROOKLYN,6,2019,SWD,3971,584
BROOKLYN,7,2019,Not SWD,15119,607
BROOKLYN,7,2019,SWD,3666,585
BROOKLYN,8,2019,Not SWD,12739,608
BROOKLYN,8,2019,SWD,3316,586
BROOKLYN,All Grades,2019,Not SWD,89398,606
BROOKLYN,All Grades,2019,SWD,22906,586
BROOKLYN,3,2018,Not SWD,15948,604
BROOKLYN,3,2018,SWD,4054,588
BROOKLYN,4,2018,Not SWD,15748,605
BROOKLYN,4,2018,SWD,3986,587
BROOKLYN,5,2018,Not SWD,15845,604
BROOKLYN,5,2018,SWD,4064,585
BROOKLYN,6,2018,Not SWD,15195,603
BROOKLYN,6,2018,SWD,3770,583
BROOKLYN,7,2018,Not SWD,15117,604
BROOKLYN,7,2018,SWD,3781,583
BROOKLYN,8,2018,Not SWD,12678,608
BROOKLYN,8,2018,SWD,3230,586
BROOKLYN,All Grades,2018,Not SWD,90531,605
BROOKLYN,All Grades,2018,SWD,22885,585
MANHATTAN,3,2024,Not SWD,4690,462
MANHATTAN,3,2024,SWD,1282,442
MANHATTAN,4,2024,Not SWD,4654,467
MANHATTAN,4,2024,SWD,1278,444
MANHATTAN,5,2024,Not SWD,4164,467
MANHATTAN,5,2024,SWD,1235,440
MANHATTAN,6,2024,Not SWD,4533,463
MANHATTAN,6,2024,SWD,1288,439
MANHATTAN,7,2024,Not SWD,4749,469
MANHATTAN,7,2024,SWD,1251,445
MANHATTAN,8,2024,Not SWD,1509,455
MANHATTAN,8,2024,SWD,577,432
MANHATTAN,All Grades,2024,Not SWD,24299,465
MANHATTAN,All Grades,2024,SWD,6911,441
MANHATTAN,3,2023,Not SWD,4667,463
MANHATTAN,3,2023,SWD,1240,443
MANHATTAN,4,2023,Not SWD,4680,464
MANHATTAN,4,2023,SWD,1248,440
MANHATTAN,5,2023,Not SWD,4628,463
MANHATTAN,5,2023,SWD,1317,438
MANHATTAN,6,2023,Not SWD,4722,461
MANHATTAN,6,2023,SWD,1272,436
MANHATTAN,7,2023,Not SWD,4828,464
MANHATTAN,7,2023,SWD,1367,440
MANHATTAN,8,2023,Not SWD,1718,452
MANHATTAN,8,2023,SWD,635,430
MANHATTAN,All Grades,2023,Not SWD,25243,462
MANHATTAN,All Grades,2023,SWD,7079,438
MANHATTAN,3,2022,Not SWD,4539,606
MANHATTAN,3,2022,SWD,1219,587
MANHATTAN,4,2022,Not SWD,4439,606
MANHATTAN,4,2022,SWD,1303,582
MANHATTAN,5,2022,Not SWD,4665,606
MANHATTAN,5,2022,SWD,1322,585
MANHATTAN,6,2022,Not SWD,4645,605
MANHATTAN,6,2022,SWD,1331,585
MANHATTAN,7,2022,Not SWD,4711,606
MANHATTAN,7,2022,SWD,1374,587
MANHATTAN,8,2022,Not SWD,1801,600
MANHATTAN,8,2022,SWD,659,580
MANHATTAN,All Grades,2022,Not SWD,24800,605
MANHATTAN,All Grades,2022,SWD,7208,585
MANHATTAN,3,2019,Not SWD,6153,609
MANHATTAN,3,2019,SWD,1705,590
MANHATTAN,4,2019,Not SWD,6174,609
MANHATTAN,4,2019,SWD,1814,590
MANHATTAN,5,2019,Not SWD,5984,608
MANHATTAN,5,2019,SWD,1680,587
MANHATTAN,6,2019,Not SWD,6096,609
MANHATTAN,6,2019,SWD,1633,588
MANHATTAN,7,2019,Not SWD,6089,610
MANHATTAN,7,2019,SWD,1644,589
MANHATTAN,8,2019,Not SWD,3308,605
MANHATTAN,8,2019,SWD,1177,588
MANHATTAN,All Grades,2019,Not SWD,33804,609
MANHATTAN,All Grades,2019,SWD,9653,589
MANHATTAN,3,2018,Not SWD,6341,607
MANHATTAN,3,2018,SWD,1760,590
MANHATTAN,4,2018,Not SWD,6355,607
MANHATTAN,4,2018,SWD,1741,587
MANHATTAN,5,2018,Not SWD,6216,609
MANHATTAN,5,2018,SWD,1760,587
MANHATTAN,6,2018,Not SWD,6073,607
MANHATTAN,6,2018,SWD,1719,585
MANHATTAN,7,2018,Not SWD,6046,608
MANHATTAN,7,2018,SWD,1757,586
MANHATTAN,8,2018,Not SWD,3966,605
MANHATTAN,8,2018,SWD,1390,587
MANHATTAN,All Grades,2018,Not SWD,34997,607
MANHATTAN,All Grades,2018,SWD,10127,587
QUEENS,3,2024,Not SWD,13502,457
QUEENS,3,2024,SWD,2995,438
QUEENS,4,2024,Not SWD,14044,465
QUEENS,4,2024,SWD,3047,440
QUEENS,5,2024,Not SWD,12803,460
QUEENS,5,2024,SWD,3005,438
QUEENS,6,2024,Not SWD,14801,458
QUEENS,6,2024,SWD,3128,435
QUEENS,7,2024,Not SWD,14618,465
QUEENS,7,2024,SWD,2929,440
QUEENS,8,2024,Not SWD,5464,451
QUEENS,8,2024,SWD,1804,431
QUEENS,All Grades,2024,Not SWD,75232,460
QUEENS,All Grades,2024,SWD,16908,437
QUEENS,3,2023,Not SWD,13807,460
QUEENS,3,2023,SWD,2768,441
QUEENS,4,2023,Not SWD,13967,459
QUEENS,4,2023,SWD,2980,441
QUEENS,5,2023,Not SWD,14162,459
QUEENS,5,2023,SWD,3117,438
QUEENS,6,2023,Not SWD,14337,457
QUEENS,6,2023,SWD,3030,433
QUEENS,7,2023,Not SWD,14514,460
QUEENS,7,2023,SWD,2987,436
QUEENS,8,2023,Not SWD,6464,448
QUEENS,8,2023,SWD,1862,431
QUEENS,All Grades,2023,Not SWD,77251,458
QUEENS,All Grades,2023,SWD,16744,437
QUEENS,3,2022,Not SWD,13794,602
QUEENS,3,2022,SWD,2902,588
QUEENS,4,2022,Not SWD,13984,602
QUEENS,4,2022,SWD,3112,585
QUEENS,5,2022,Not SWD,13846,602
QUEENS,5,2022,SWD,3024,584
QUEENS,6,2022,Not SWD,14160,601
QUEENS,6,2022,SWD,3108,582
QUEENS,7,2022,Not SWD,14602,604
QUEENS,7,2022,SWD,3041,583
QUEENS,8,2022,Not SWD,7038,600
QUEENS,8,2022,SWD,2030,584
QUEENS,All Grades,2022,Not SWD,77424,602
QUEENS,All Grades,2022,SWD,17217,584
QUEENS,3,2019,Not SWD,16274,605
QUEENS,3,2019,SWD,3632,590
QUEENS,4,2019,Not SWD,16693,607
QUEENS,4,2019,SWD,3680,589
QUEENS,5,2019,Not SWD,16885,608
QUEENS,5,2019,SWD,3709,588
QUEENS,6,2019,Not SWD,17303,606
QUEENS,6,2019,SWD,3650,585
QUEENS,7,2019,Not SWD,16683,608
QUEENS,7,2019,SWD,3484,586
QUEENS,8,2019,Not SWD,10100,606
QUEENS,8,2019,SWD,2468,587
QUEENS,All Grades,2019,Not SWD,93938,607
QUEENS,All Grades,2019,SWD,20623,588
QUEENS,3,2018,Not SWD,16914,605
QUEENS,3,2018,SWD,3599,589
QUEENS,4,2018,Not SWD,17102,606
QUEENS,4,2018,SWD,3788,588
QUEENS,5,2018,Not SWD,17524,606
QUEENS,5,2018,SWD,3742,587
QUEENS,6,2018,Not SWD,16820,605
QUEENS,6,2018,SWD,3649,584
QUEENS,7,2018,Not SWD,16697,606
QUEENS,7,2018,SWD,3471,585
QUEENS,8,2018,Not SWD,9804,607
QUEENS,8,2018,SWD,2461,587
QUEENS,All Grades,2018,Not SWD,94861,606
QUEENS,All Grades,2018,SWD,20710,587
STATEN ISLAND,3,2024,Not SWD,2767,463
STATEN ISLAND,3,2024,SWD,1015,442
STATEN ISLAND,4,2024,Not SWD,2876,471
STATEN ISLAND,4,2024,SWD,1041,445
STATEN ISLAND,5,2024,Not SWD,2763,463
STATEN ISLAND,5,2024,SWD,1050,439
STATEN ISLAND,6,2024,Not SWD,2914,462
STATEN ISLAND,6,2024,SWD,868,436
STATEN ISLAND,7,2024,Not SWD,2976,471
STATEN ISLAND,7,2024,SWD,808,444
STATEN ISLAND,8,2024,Not SWD,1794,461
STATEN ISLAND,8,2024,SWD,684,434
STATEN ISLAND,All Grades,2024,Not SWD,16090,466
STATEN ISLAND,All Grades,2024,SWD,5466,440
STATEN ISLAND,3,2023,Not SWD,2839,463
STATEN ISLAND,3,2023,SWD,1024,442
STATEN ISLAND,4,2023,Not SWD,2781,461
STATEN ISLAND,4,2023,SWD,1037,440
STATEN ISLAND,5,2023,Not SWD,3099,462
STATEN ISLAND,5,2023,SWD,973,440
STATEN ISLAND,6,2023,Not SWD,2891,459
STATEN ISLAND,6,2023,SWD,839,434
STATEN ISLAND,7,2023,Not SWD,2802,466
STATEN ISLAND,7,2023,SWD,825,437
STATEN ISLAND,8,2023,Not SWD,1816,459
STATEN ISLAND,8,2023,SWD,647,436
STATEN ISLAND,All Grades,2023,Not SWD,16228,462
STATEN ISLAND,All Grades,2023,SWD,5345,438
STATEN ISLAND,3,2022,Not SWD,2770,603
STATEN ISLAND,3,2022,SWD,1071,587
STATEN ISLAND,4,2022,Not SWD,3052,603
STATEN ISLAND,4,2022,SWD,1045,584
STATEN ISLAND,5,2022,Not SWD,3085,604
STATEN ISLAND,5,2022,SWD,1050,584
STATEN ISLAND,6,2022,Not SWD,2723,603
STATEN ISLAND,6,2022,SWD,885,582
STATEN ISLAND,7,2022,Not SWD,2914,606
STATEN ISLAND,7,2022,SWD,856,585
STATEN ISLAND,8,2022,Not SWD,1515,603
STATEN ISLAND,8,2022,SWD,633,584
STATEN ISLAND,All Grades,2022,Not SWD,16059,604
STATEN ISLAND,All Grades,2022,SWD,5540,584
STATEN ISLAND,3,2019,Not SWD,3170,606
STATEN ISLAND,3,2019,SWD,1264,590
STATEN ISLAND,4,2019,Not SWD,3240,608
STATEN ISLAND,4,2019,SWD,1196,588
STATEN ISLAND,5,2019,Not SWD,3298,607
STATEN ISLAND,5,2019,SWD,1193,588
STATEN ISLAND,6,2019,Not SWD,3079,607
STATEN ISLAND,6,2019,SWD,1173,585
STATEN ISLAND,7,2019,Not SWD,3188,608
STATEN ISLAND,7,2019,SWD,1027,584
STATEN ISLAND,8,2019,Not SWD,2460,610
STATEN ISLAND,8,2019,SWD,803,588
STATEN ISLAND,All Grades,2019,Not SWD,18435,607
STATEN ISLAND,All Grades,2019,SWD,6656,587
STATEN ISLAND,3,2018,Not SWD,3256,606
STATEN ISLAND,3,2018,SWD,1193,589
STATEN ISLAND,4,2018,Not SWD,3325,606
STATEN ISLAND,4,2018,SWD,1221,587
STATEN ISLAND,5,2018,Not SWD,3277,606
STATEN ISLAND,5,2018,SWD,1264,587
STATEN ISLAND,6,2018,Not SWD,3132,606
STATEN ISLAND,6,2018,SWD,1067,584
STATEN ISLAND,7,2018,Not SWD,3030,607
STATEN ISLAND,7,2018,SWD,1020,585
STATEN ISLAND,8,2018,Not SWD,2580,609
STATEN ISLAND,8,2018,SWD,880,588
STATEN ISLAND,All Grades,2018,Not SWD,18600,606
STATEN ISLAND,All Grades,2018,SWD,6645,587
